product_id,sku,height_cm,width_cm,depth_cm,weight_raw
1,758,,,,
2,310,,,,
3,316,,,,
4,369,,,,
5,636,,,,
6,23056,,,,
7,23070,,,,
8,23055,,,,
9,6137,,,,
10,16808,,,,
11,175,,,,
12,20041,,,,
13,8630,,,,
14,16998,,,,
15,16947,,,,
16,1716,16.5,4.6,4.7,100ml
17,1717,17.8,5.6,4.6,150ml
18,1721,10.0,4.5,4.5,30ml
19,1732,15.1,4.6,4.6,150ml
20,17067,,,,
21,17726,18.4,4.9,4.9,200ml
22,1743,18.0,5.0,5.1,200ml
23,1734,10.4,4.6,4.6,30ml
24,1735,5.6,7.4,7.5,50ml
25,1747,17.7,5.6,4.6,150ml
26,1738,18.3,5.1,4.1,120ml
27,1741,,,,
28,7769,16.8,5.5,5.5,250ml
29,1125,16.9,4.2,3.0,60ml
30,4746,17.0,11.0,,
31,8629,,,,
32,4759,17.3,15.6,4.5,"30ml,60ml,23ml"
33,4760,18.1,9.6,5.6,"200ml,150ml"
34,4745,17.0,11.0,,
35,8653,,,,
36,4757,8.6,5.1,3.1,18g
37,8654,,,,
38,4754,17.0,11.0,,
39,4749,17.0,11.0,,
40,4744,17.0,11.0,,
41,4747,17.0,11.0,,
42,4748,17.0,11.0,,
43,4742,9.8,8.0,2.1,51g
44,4743,12.6,8.0,1.5,27g
45,8628,,,,
46,4758,12.1,5.6,3.5,50ml
47,17074,,,,
48,16995,,,,
49,4739,16.7,5.4,5.4,250ml
50,4738,17.3,9.6,,
51,4737,15.3,9.8,,
52,4731,17.8,5.6,4.5,150ml
53,4734,8.9,5.5,3.7,30ml
54,4733,,,,
55,4732,10.3,3.2,2.0,10ml
56,1748,5.1,6.9,6.9,50ml
57,1705,15.3,4.6,4.6,150ml
58,1715,10.4,4.6,4.5,30ml
59,1157,14.7,4.0,2.5,30gr
60,1162,9.3,4.0,4.0,30ml
61,17727,16.9,5.4,5.4,250ml
62,1770,15.3,4.6,4.6,150ml
63,1771,11.0,4.9,4.9,40g
64,1772,11.9,3.8,3.9,50ml
65,17069,,,,
66,1701,10.0,4.5,4.5,30ml
67,17480,,,,
68,17456,,,,
69,17075,,,,
70,27500,,,,
71,27433,,,,
72,1739,12.8,6.4,3.1,50ml
73,18326,,,,
74,19498,,,,
75,19562,,,,
76,19585,,,,
77,19490,,,,
78,19513,,,,
79,19481,,,,
80,19567,,,,
81,19520,,,,
82,19531,,,,
83,8146,,,,
84,8149,,,,
85,8147,,,,
86,8162,,,,
87,8148,,,,
88,8142,,,,
89,8145,,,,
90,8144,,,,
91,8143,,,,
92,23705,,,,
93,23397,,,,
94,23464,,,,
95,23675,,,,
96,23431,,,,
97,23699,,,,
98,23466,,,,
99,8169,,,,
100,23709,,,,
101,23707,,,,
102,23751,,,,
103,23725,,,,
104,30023,,,,
105,29815,,,,
106,30021,,,,
107,30026,,,,
108,30022,,,,
109,30025,,,,
110,29608,,,,
111,26682,,,,
112,26794,,,,
113,8168,,,,
114,26737,,,,
115,26736,,,,
116,26804,,,,
117,26743,,,,
118,5355,,,,
119,627,,,,
120,614,,,,
121,599,,,,
122,604,,,,
123,613,,,,
124,3023,,,,
125,3103,,,,
126,3009,,,,
127,3045,,,,
128,3116,,,,
129,2855,,,,
130,3130,,,,
131,2952,,,,
132,1179,9.7,4.4,4.4,30ml
133,24381,11.7,4.9,4.9,60ml
134,1181,6.6,5.6,6.5,50ml
135,23044,17.0,5.0,5.0,150ml
136,1247,18.9,5.3,5.3,210ml
137,1252,9.7,4.4,4.4,30ml
138,24385,11.7,4.9,4.9,60ml
139,1639,16.9,5.1,5.2,150ml
140,1649,9.7,4.4,4.4,30ml
141,24383,11.7,4.9,4.9,60ml
142,1822,15.7,4.6,4.6,100ml
143,1845,7.0,9.4,8.5,150ml
144,2897,,,,
145,2917,16.0,3.2,2.6,30ml
146,3412,9.7,4.4,4.4,30ml
147,24384,11.7,4.9,4.9,60ml
148,448,5.9,8.9,8.9,30ml
149,27432,,,,
150,27421,,,,
151,27418,,,,
152,1974,8.9,4.3,2.5,18ml
153,2793,14.1,3.9,3.0,50ml
154,497,17.4,15.5,,
155,498,17.4,15.5,,
156,3516,17.4,15.5,,
157,3518,17.4,15.5,,
158,24388,,,,
159,24386,,,,
160,6269,,,,
161,3691,6.5,7.1,7.1,
162,3690,13.0,4.0,3.6,
163,3692,13.0,4.0,3.6,
164,3693,6.5,7.1,7.1,
165,3694,17.1,10.5,2.5,
166,3695,10.6,4.4,4.0,
167,3963,8.9,5.0,3.8,
168,3966,6.7,8.1,8.2,
169,3697,17.5,15.5,,
170,3698,10.0,13.0,,
171,3696,16.0,13.0,,
172,4004,,,,
173,4046,,,,
174,4048,,,,
175,4049,,,,
176,4006,,,,
177,4003,,,,
178,4047,,,,
179,3996,,,,
180,3995,,,,
181,4002,,,,
182,4000,,,,
183,3999,,,,
184,3998,,,,
185,3997,,,,
186,22715,6.6,1.9,2.0,
187,22739,6.6,1.9,2.0,
188,22318,5.4,3.7,1.5,
189,22405,5.4,3.7,1.5,
190,22434,5.4,3.7,1.5,
191,22316,5.4,3.7,1.5,
192,22701,7.1,2.2,2.2,
193,22702,7.1,2.2,2.2,
194,22740,5.4,5.3,2.4,
195,22743,5.4,5.3,2.4,
196,22764,5.4,5.3,2.4,
197,22766,5.4,5.3,2.4,
198,22767,5.4,5.3,2.4,
199,21972,9.2,1.6,1.6,
200,22437,7.1,2.2,2.2,
201,22663,7.1,2.2,2.2,
202,22666,7.1,2.2,2.2,
203,21952,9.6,2.0,1.5,
204,21974,9.7,2.0,1.6,
205,21988,9.7,2.0,1.6,
206,21991,9.7,2.0,1.6,
207,21969,14.5,1.8,1.3,
208,21971,14.5,1.8,1.3,
209,22711,7.1,2.1,2.1,
210,22712,7.1,2.1,2.1,
211,22713,7.1,2.1,2.1,
212,22714,7.1,2.1,2.1,
213,22709,7.1,2.1,2.1,
214,22708,7.8,2.1,2.1,
215,22706,7.8,2.1,2.1,
216,3599,10.6,4.2,4.2,30ml
217,21937,16.2,5.9,5.9,200ml
218,21938,13.7,5.5,5.5,150ml
219,21939,14.4,4.9,3.8,50ml
220,21897,7.9,8.1,8.2,125ml
221,21944,12.6,13.8,3.2,"20ml,10ml,10ml"
222,8551,,,,
223,21940,8.4,5.4,2.8,19g
224,8518,,,,
225,21943,20.9,15.0,,
226,21941,6.5,8.8,8.8,100ml
227,21942,12.4,6.2,3.2,50ml
228,8203,,,,
229,3605,17.0,4.1,4.1,155ml
230,21883,14.1,4.0,3.0,50ml
231,21885,18.5,12.5,,
232,3608,12.2,3.9,3.9,50ml
233,21864,17.2,5.1,5.1,150ml
234,3644,14.1,3.2,2.5,15ml
235,3650,12.5,3.8,3.9,30ml
236,17434,,,,
237,27249,,,,
238,27256,,,,
239,27266,,,,
240,27273,,,,
241,3566,13.3,4.7,2.7,40ml
242,23752,5.8,14.9,3.5,50ml
243,24256,14.7,5.3,5.5,200ml
244,24244,13.9,4.9,5.0,150ml
245,23895,5.3,7.8,7.8,55ml
246,23921,7.6,3.5,3.5,6g
247,7842,,,,
248,24371,16.5,12.7,7.2,410gr
249,24378,13.0,4.3,4.3,50ml
250,8178,,,,
251,8179,,,,
252,23766,12.9,5.8,3.0,15ml
253,23929,20.9,5.5,4.5,160gr
254,8170,,,,
255,23919,16.4,13.2,3.5,23ml
256,7643,,,,
257,7645,,,,
258,7629,,,,
259,7628,,,,
260,7642,,,,
261,7644,,,,
262,7630,,,,
263,7641,,,,
264,7626,,,,
265,7627,,,,
266,7619,,,,
267,7617,,,,
268,7616,,,,
269,7618,,,,
270,19510,,,,
271,6501,,,,
272,6503,,,,
273,6504,,,,
274,6502,,,,
275,18422,,,,
276,18430,,,,
277,18335,,,,
278,18351,,,,
279,97612,,,,
280,94445,,,,
281,18353,,,,
282,96564,,,,
283,96566,,,,
284,95608,,,,
285,20586,,,,
286,96565,,,,
287,99700,,,,
288,99701,,,,
289,95004,,,,
290,95002,,,,
291,97611,,,,
292,95001,,,,
293,20592,,,,
294,20588,,,,
295,85000,,,,
296,95003,,,,
297,17734,,,,
298,17747,,,,
299,17741,,,,
300,19235,,,,
301,94177,,,,
302,93503,,,,
303,95263,,,,
304,11878,,,,
305,18361,,,,
306,94675,,,,
307,94176,,,,
308,94674,,,,
309,19685,,,,
310,19680,,,,
311,19649,,,,
312,19570,,,,
313,924,,,,
314,19480,,,,
315,19479,,,,
316,19482,,,,
317,85004,,,,
318,95609,,,,
319,88410,,,,
320,18328,,,,
321,18331,,,,
322,18346,,,,
323,18352,,,,
324,18360,,,,
325,18380,,,,
326,18383,,,,
327,18403,,,,
328,18409,,,,
329,18410,,,,
330,18417,,,,
331,85007,,,,
332,85008,,,,
333,86317,,,,
334,85001,,,,
335,84997,,,,
336,84996,,,,
337,97664,,,,
338,85200,,,,
339,84998,,,,
340,85006,,,,
341,85005,,,,
342,85002,,,,
343,97665,,,,
344,85003,,,,
345,84999,,,,
346,92355,,,,
347,92356,,,,
348,88411,,,,
349,88409,,,,
350,99617,,,,
351,16990,,,,
352,95008,,,,
353,95007,,,,
354,96793,,,,
355,95006,,,,
356,95005,,,,
357,19521,,,,
358,19560,,,,
359,19501,,,,
360,19500,,,,
361,19485,,,,
362,19487,,,,
363,19565,,,,
364,19511,,,,
365,19512,,,,
366,19653,,,,
367,4044,,,,
368,4043,,,,
369,20062,17.9,15.7,1.8,34g
370,3651,11.5,4.0,4.1,50g
371,14601,15.5,4.2,4.3,100ml
372,14603,12.5,3.0,3.0,25ml
373,14641,18.1,4.5,4.5,150ml
374,14654,15.5,4.3,4.3,100ml
375,20064,16.7,4.2,4.3,120ml
376,20061,15.4,5.0,4.3,80ml
377,14659,5.0,7.5,7.6,100g
378,14665,16.5,7.7,4.7,150ml
379,14689,17.0,11.2,,
380,14692,19.0,11.0,,
381,14696,19.0,12.0,,
382,14699,17.0,11.2,,
383,14701,17.9,5.5,5.5,150ml
384,14704,16.8,4.3,4.4,150ml
385,14714,10.3,5.3,5.2,50ml
386,14715,8.7,5.3,5.2,20ml
387,14720,17.9,15.7,1.8,34g
388,14717,87.0,5.3,5.2,20ml
389,14719,,,,
390,14723,12.4,3.4,2.6,20ml
391,14730,10.0,6.3,4.3,20ml
392,20063,13.7,4.0,3.3,50ml
393,3687,,,,
394,3688,,,,
395,3689,,,,
396,14647,7.8,5.1,2.6,19g
397,14651,13.9,4.6,3.5,50ml
398,20060,15.5,5.7,4.7,120ml
399,20058,10.9,3.9,4.0,28ml
400,20059,17.0,4.9,4.9,200ml
401,19687,,,,
402,21007,,,,
403,21011,,,,
404,19730,,,,
405,19694,,,,
406,21054,,,,
407,19692,,,,
408,4087,,,,
409,4088,,,,
410,4089,,,,
411,4100,,,,
412,4115,,,,
413,4116,,,,
414,4117,,,,
415,4118,,,,
416,5393,,,,
417,5394,,,,
418,4080,,,,
419,4081,,,,
420,4078,,,,
421,4079,,,,
422,5387,,,,
423,5392,,,,
424,5388,,,,
425,5389,,,,
426,5391,,,,
427,5390,,,,
428,3990,,,,
429,4075,,,,
430,4076,,,,
431,4077,,,,
432,3899,,,,
433,3921,,,,
434,3936,,,,
435,3922,,,,
436,3964,,,,
437,3944,,,,
438,3819,,,,
439,3920,,,,
440,3929,,,,
441,3919,,,,
442,5385,,,,
443,5384,,,,
444,5386,,,,
445,3888,,,,
446,3887,,,,
447,5581,,,,
448,5577,,,,
449,5578,,,,
450,5579,,,,
451,5583,,,,
452,5582,,,,
453,4085,,,,
454,4086,,,,
455,4083,,,,
456,4084,,,,
457,27835,,,,
458,27836,,,,
459,27837,,,,
460,27839,,,,
461,27840,,,,
462,27899,,,,
463,27900,,,,
464,28105,,,,
465,5270,,,,
466,5269,,,,
467,27544,,,,
468,5268,,,,
469,5267,,,,
470,27545,,,,
471,27606,,,,
472,27817,,,,
473,27824,,,,
474,27826,,,,
475,27827,,,,
476,28451,,,,
477,28759,,,,
478,23105,20.0,14.0,2.0,128g
479,23103,20.0,14.0,2.0,145g
480,23096,20.0,14.0,2.0,170g
481,23099,20.0,14.0,2.0,145g
482,23104,20.0,14.0,2.0,145g
483,23106,11.7,4.3,4.3,60ml
484,8201,,,,
485,931,18.5,13.5,,28g
486,23107,15.8,4.6,4.6,100ml
487,23108,7.7,15.3,3.1,50ml
488,23095,11.9,7.1,4.8,30ml
489,14733,7.7,15.3,3.1,50ml
490,929,18.5,13.5,,35g
491,14742,11.9,7.1,4.8,30ml
492,23089,16.7,5.5,4.5,100ml
493,930,18.5,13.5,,28g
494,14743,8.4,7.1,7.1,50ml
495,8517,,,,
496,23110,3.4,13.0,2.0,20g
497,14736,7.7,15.3,3.1,50ml
498,933,18.5,13.5,,25g
499,23117,7.5,13.6,2.6,25ml
500,14746,11.9,7.1,4.8,30ml
501,932,18.5,13.5,,28g
502,23312,,,,
503,23313,,,,
504,23927,,,,
505,23265,,,,
506,23918,,,,
507,23753,,,,
508,23360,,,,
509,23347,,,,
510,24259,,,,
511,24376,,,,
512,23341,,,,
513,23322,,,,
514,23364,,,,
515,23920,,,,
516,28821,,,,
517,28760,,,,
518,30720,,,,
519,30024,,,,
520,28761,,,,
521,28820,,,,
522,843,,,,
523,846,,,,
524,4145,,,,
525,883,,,,
526,8310,,,,
527,22259,,,,
528,14747,,,,
529,14749,,,,
530,14752,,,,
531,3058,,,,
532,3056,,,,
533,2992,,,,
534,3034,,,,
535,3136,,,,
536,3160,,,,
537,3113,,,,
538,2852,,,,
539,3053,,,,
540,3212,,,,
541,2888,,,,
542,3105,,,,
543,3209,,,,
544,3038,,,,
545,3033,,,,
546,3120,,,,
547,3104,,,,
548,3036,,,,
549,3208,,,,
550,3207,,,,
551,3017,,,,
552,3016,,,,
553,3015,,,,
554,3014,,,,
555,3210,,,,
556,2991,,,,
557,3131,,,,
558,3171,,,,
559,3211,,,,
560,3878,11.6,8.1,5.0,
561,3879,11.6,8.1,5.0,
562,3880,11.6,8.1,5.0,
563,6341,,,,
564,6342,,,,
565,6340,,,,
566,6343,,,,
567,3804,7.5,10.7,7.5,
568,3860,16.0,8.1,5.0,
569,3802,12.5,4.4,4.4,
570,3806,17.6,6.5,5.1,
571,5642,,,,
572,3820,17.6,6.5,5.1,
573,3803,16.1,8.5,5.5,
574,3833,17.6,6.5,5.1,
575,25215,,,,
576,25130,,,,
577,25164,,,,
578,24390,,,,
579,24395,,,,
580,3883,13.5,6.5,5.0,180.0
581,3884,13.5,8.3,8.3,285.0
582,3882,6.0,6.5,6.5,185.0
583,3881,8.5,5.0,5.0,152.0
584,3886,13.8,6.4,5.0,185.0
585,3885,21.0,13.0,57.0,
586,6338,,,,
587,6337,,,,
588,6336,,,,
589,6339,,,,
590,673,,,,
591,674,,,,
592,713,,,,
593,712,,,,
594,677,,,,
595,6143,,,,
596,6144,,,,
597,6145,,,,
598,6146,,,,
599,138,,,,
600,143,,,,
601,146,,,,
602,169,,,,
603,170,,,,
604,173,,,,
605,299,,,,
606,183,,,,
607,185,,,,
608,187,,,,
609,191,,,,
610,193,,,,
611,195,,,,
612,207,,,,
613,209,,,,
614,211,,,,
615,306,,,,
616,307,,,,
617,309,,,,
618,315,,,,
619,319,,,,
620,354,,,,
621,355,,,,
622,356,,,,
623,357,,,,
624,359,,,,
625,6198,,,,
626,6195,,,,
627,6197,,,,
628,6196,,,,
629,23084,,,,
630,23075,,,,
631,6199,,,,
632,6200,,,,
633,6201,,,,
634,6202,,,,
635,6203,,,,
636,6204,,,,
637,759,,,,
638,963,,,,
639,967,,,,
640,1150,,,,
641,220,,,,
642,1154,,,,
643,6140,,,,
644,6141,,,,
645,6142,,,,
646,6194,,,,
647,136,,,,
648,135,,,,
649,6133,,,,
650,53101,,,,
651,60318,,,,
652,392,,,,
653,391,,,,
654,8307,,,,
655,26805,,,,
656,26542,,,,
657,26807,,,,
658,26546,,,,
659,26591,,,,
660,26806,,,,
661,592,,,,
662,587,,,,
663,580,,,,
664,582,,,,
665,578,,,,
666,603,,,,
667,585,,,,
668,26273,,,,
669,26325,,,,
670,26280,,,,
671,26316,,,,
672,26420,,,,
673,1641,,,,
674,1580,,,,
675,1509,,,,
676,1585,,,,
677,1513,,,,
678,300,,,,
679,157,,,,
680,58346,,,,
681,60324,,,,
682,275,,,,
683,361,,,,
684,53621,,,,
685,22154,10.3,11.5,1.7,35mg
686,22098,5.2,6.0,6.0,50ml
687,21997,17.8,5.1,5.0,150ml
688,21985,10.4,5.0,4.9,200ml
689,22061,17.4,5.4,5.3,50ml
690,1161,15.7,4.1,4.1,100ml
691,1174,15.0,2.8,2.8,30ml
692,22104,11.1,3.8,3.8,30ml
693,22162,12.3,3.3,2.5,15ml
694,1178,11.0,3.8,3.8,30ml
695,20051,,,,
696,2056,,,,
697,88418,,,,
698,84296,,,,
699,84293,,,,
700,89531,,,,
701,89533,,,,
702,84294,,,,
703,84295,,,,
704,84955,,,,
705,84954,,,,
706,89532,,,,
707,89534,,,,
708,18421,,,,
709,19574,,,,
710,19773,,,,
711,19761,,,,
712,19775,,,,
713,19746,,,,
714,19745,,,,
715,19731,,,,
716,716,,,,
717,714,,,,
718,715,,,,
719,717,,,,
720,718,,,,
721,8321,,,,
722,6255,,,,
723,6256,,,,
724,3134,,,,
725,3132,,,,
726,3133,,,,
727,3135,,,,
728,25611,17.0,10.5,,9g
729,25596,16.3,4.8,4.9,100ml
730,25464,15.1,6.9,3.5,50ml
731,25387,11.7,4.7,2.4,15ml
732,25369,19.2,4.9,4.9,200ml
733,25368,11.9,5.8,2.9,30ml
734,25966,11.9,5.9,2.8,30ml
735,26035,15.1,7.0,3.4,50ml
736,26279,15.0,10.5,,8ml
737,26042,11.6,5.4,2.0,15ml
738,25661,16.0,4.5,4.5,150ml
739,26549,15.0,10.5,,30ml
740,26327,14.0,8.0,,20ml
741,26507,14.0,9.5,,30ml
742,26323,14.0,9.5,,30ml
743,8299,,,,
744,6257,,,,
745,6258,,,,
746,6259,,,,
747,6260,,,,
748,6261,,,,
749,6263,,,,
750,605,,,,
751,608,,,,
752,632,,,,
753,579,,,,
754,606,,,,
755,607,,,,
756,600,,,,
757,581,,,,
758,8308,,,,
759,583,,,,
760,623,,,,
761,584,,,,
762,626,,,,
763,1241,21.5,7.7,4.1,132g
764,4119,23.8,9.6,7.2,470g
765,1251,4.0,16.4,2.7,15ml
766,1254,6.5,6.1,6.2,50ml
767,1643,15.5,4.4,2.5,30ml
768,1823,5.6,7.8,7.7,55g
769,1806,15.5,4.0,2.6,30ml
770,8521,,,,
771,1177,5.6,7.8,7.7,55g
772,1238,16.9,4.1,4.1,125ml
773,1944,14.0,3.7,,
774,1030,10.4,4.6,4.6,30ml
775,1033,5.6,7.8,7.8,55g
776,3382,10.2,4.2,4.1,30ml
777,8294,,,,
778,8520,,,,
779,8651,,,,
780,1128,12.1,4.1,4.1,30ml
781,1127,15.7,4.0,4.0,100ml
782,8293,,,,
783,18798,11.7,2.3,2.3,10g
784,3413,5.5,7.8,7.7,55g
785,3414,10.2,4.1,4.2,30ml
786,3415,15.9,3.9,2.4,30ml
787,3416,10.4,4.5,4.5,30ml
788,3384,17.0,5.3,5.4,250ml
789,18747,18.2,6.5,6.7,400g
790,8522,,,,
791,3419,5.5,7.5,7.7,50ml
792,3506,10.7,4.2,4.2,55ml
793,18745,17.0,5.8,4.7,120g
794,18746,20.0,4.8,4.9,250ml
795,1198,9.5,8.8,8.8,155g
796,16992,,,,
797,16954,,,,
798,18802,16.1,12.0,,
799,17516,,,,
800,17072,,,,
801,17000,,,,
802,17432,,,,
803,17052,,,,
804,2911,13.6,5.1,4.0,75ml
805,2764,17.5,15.5,,
806,17001,,,,
807,18796,3.6,4.5,4.5,10g
808,4121,,,,
809,4120,,,,
810,18800,16.9,13.0,,
811,17076,,,,
812,17567,,,,
813,4122,,,,
814,8295,,,,
815,1245,21.5,7.8,4.1,132g
816,18324,23.8,9.6,7.2,470g
817,8296,,,,
818,8291,,,,
819,18573,23.8,9.6,7.2,470g
820,8652,,,,
821,8523,,,,
822,8292,,,,
823,8686,,,,
824,18794,14.7,3.9,3.5,50ml
825,18793,22.8,5.8,5.9,265ml
826,18750,22.5,6.5,6.5,490ml
827,20052,,,,
828,588,,,,
829,586,,,,
830,598,,,,
831,641,,,,
832,602,,,,
833,634,,,,
834,594,,,,
835,596,,,,
836,595,,,,
837,597,,,,
838,640,,,,
839,589,,,,
840,593,,,,
841,601,,,,
842,642,19.6,12.6,4.8,
843,662,6.0,8.0,8.1,
844,810,14.3,7.3,7.0,
845,658,18.3,4.3,4.2,
846,770,11.7,7.3,4.8,
847,643,6.0,8.1,8.2,
848,657,10.0,4.9,3.2,
849,644,17.9,5.6,3.8,
850,663,20.0,8.7,7.4,100.0
851,660,18.0,15.0,,
852,6264,,,,
853,6262,,,,
854,6265,,,,
855,6266,,,,
856,6267,,,,
857,6268,,,,
858,3533,19.6,5.0,5.0,195ml
859,22793,18.0,16.0,,35g
860,3544,6.0,6.1,6.2,50ml
861,3569,11.7,4.3,4.3,50ml
862,8650,,,,
863,22801,8.7,9.9,9.0,180ml
864,3572,18.4,5.7,4.7,150ml
865,22779,20.0,13.9,,25g
866,3602,11.6,4.3,4.3,100ml
867,8649,,,,
868,8550,,,,
869,22777,4.2,8.0,8.0,84g
870,3607,15.4,24.5,4.3,-
871,22784,20.0,13.9,,25g
872,3609,11.6,4.3,4.3,100ml
873,3642,11.7,4.1,4.1,50ml
874,17452,,,,
875,3578,13.3,5.6,2.4,50g
876,20045,,,,
877,20050,,,,
878,23297,,,,
879,23234,,,,
880,23230,,,,
881,23233,,,,
882,23228,,,,
883,23229,,,,
884,362,,,,
885,384,,,,
886,377,,,,
887,390,,,,
888,379,,,,
889,388,,,,
890,378,,,,
891,383,,,,
892,382,,,,
893,389,,,,
894,3700,10.2,3.5,3.5,68.0
895,3699,16.0,6.5,5.0,190.0
896,3709,6.0,7.0,7.0,197.0
897,3748,7.5,7.5,3.7,137.0
898,3792,17.8,3.5,3.5,101.0
899,3801,9.5,5.0,2.2,60.0
900,3701,18.3,4.4,4.4,190.0
901,824,,,,
902,831,,,,
903,833,,,,
904,834,,,,
905,835,,,,
906,837,,,,
907,838,,,,
908,839,,,,
909,840,,,,
910,842,,,,
911,857,,,,
912,853,,,,
913,844,,,,
914,847,,,,
915,852,,,,
916,24963,,,,
917,24968,,,,
918,25044,,,,
919,25058,,,,
920,25127,,,,
921,24638,,,,
922,24834,,,,
923,24836,,,,
924,24838,,,,
925,24839,,,,
926,24844,,,,
927,24845,,,,
928,24858,,,,
929,24960,,,,
930,24835,,,,
931,24568,,,,
932,24557,,,,
933,24570,,,,
934,24588,,,,
935,24554,,,,
936,24556,,,,
937,60334,,,,
938,58715,,,,
939,370,,,,
940,53668,,,,
941,53622,,,,
942,52119,,,,
943,374,,,,
944,387,,,,
945,364,,,,
946,301,,,,
947,395,,,,
948,397,,,,
949,3648,9.7,4.3,4.2,45g
950,3660,17.3,6.6,5.0,150ml
951,3664,6.0,6.5,6.4,80ml
952,3665,13.5,5.5,5.4,200ml
953,22809,14.0,21.5,3.5,"30ml,20ml,10ml,20ml"
954,22824,10.4,2.7,2.7,10g
955,22865,15.7,6.4,6.3,300ml
956,22890,17.3,5.3,5.3,150ml
957,22899,9.5,5.3,2.4,21g
958,22867,12.2,5.1,4.2,60ml
959,22864,18.5,6.8,6.8,300ml
960,22873,15.6,6.3,3.1,75ml
961,22866,15.4,6.5,3.7,200ml
962,23046,15.4,6.5,3.6,200ml
963,22845,20.0,8.0,4.4,400ml
964,22856,15.1,4.4,4.4,100ml
965,22851,18.8,6.6,6.6,400ml
966,22808,20.0,14.0,,
967,3669,14.6,3.4,3.4,50ml
968,20044,,,,
969,6270,,,,
970,394,,,,
971,393,,,,
972,18118,,,,
973,18123,,,,
974,18143,,,,
975,18142,,,,
976,18119,,,,
977,18112,,,,
978,84794,13.9,7.1,3.6,75ml
979,84790,16.2,5.4,5.4,200ml
980,84791,18.1,4.6,4.6,125ml
981,84793,11.4,4.8,4.8,55ml
982,18109,15.2,5.4,5.4,210ml
983,17748,11.3,4.8,4.8,50ml
984,1773,16.1,4.6,4.7,100ml
985,17750,13.9,7.1,3.5,75ml
986,7516,,,,
987,7510,,,,
988,7518,,,,
989,7512,,,,
990,7513,,,,
991,7514,,,,
992,7517,,,,
993,7515,,,,
994,7511,,,,
995,18452,13.0,20.7,3.1,120ml
996,18453,18.4,9.6,5.8,325ml
997,17051,10.3,14.9,3.3,
998,18418,17.0,11.0,,23ml
999,18425,17.0,11.0,,23ml
1000,18431,17.0,11.0,,22ml
1001,18454,17.0,11.0,,24ml
1002,18455,17.0,11.0,,25ml
1003,18419,17.0,11.0,,25ml
1004,14753,8.6,5.1,5.1,30ml
1005,14755,8.6,5.1,5.1,30ml
1006,14758,15.1,5.4,5.4,210ml
1007,14760,18.2,4.6,4.6,125ml
1008,14778,13.9,7.1,3.5,75ml
1009,1774,8.0,4.0,4.0,27g
1010,84799,11.4,4.8,4.8,50ml
1011,14789,14.7,2.7,2.1,20ml
1012,84802,6.0,9.2,9.3,50ml
1013,18110,15.2,5.4,5.4,210ml
1014,84801,11.4,4.8,4.9,50ml
1015,14757,8.6,5.1,5.1,30ml
1016,17752,13.9,7.1,3.5,75ml
1017,84800,18.2,4.6,4.6,125ml
1018,18108,13.6,5.3,5.3,100ml
1019,1776,13.9,7.1,3.5,75ml
1020,1802,18.2,4.6,4.6,125ml
1021,84798,11.3,4.8,4.9,50ml
1022,1804,15.2,5.4,5.4,210ml
1023,16991,,,,
1024,17002,,,,
1025,17454,,,,
1026,16985,,,,
1027,17433,,,,
1028,17003,,,,
1029,84795,12.1,5.3,2.4,50ml
1030,84796,14.7,5.6,2.7,50ml
1031,84797,8.7,4.2,2.8,20 g
1032,925,,,,
1033,926,,,,
1034,19813,,,,
1035,19808,,,,
1036,19828,,,,
1037,19566,,,,
1038,19795,,,,
1039,19803,,,,
1040,19800,,,,
1041,19817,,,,
1042,19563,,,,
1043,19741,,,,
1044,19827,,,,
1045,19812,,,,
1046,19787,,,,
1047,19781,,,,
1048,19807,,,,
1049,19804,,,,
1050,19754,,,,
1051,19747,,,,
1052,927,,,,
1053,24398,,,,
1054,26031,,,,
1055,24401,,,,
1056,24402,,,,
1057,26030,,,,
1058,24404,,,,
1059,26034,,,,
1060,24552,,,,
1061,24539,,,,
1062,24538,,,,
1063,25997,,,,
1064,24540,,,,
1065,24551,,,,
1066,26032,,,,
1067,26033,,,,
1068,26036,,,,
1069,26037,,,,
1070,25274,,,,
1071,25261,,,,
1072,25245,,,,
1073,25244,,,,
1074,25276,,,,
1075,25281,,,,
1076,25290,,,,
1077,25283,,,,
1078,25367,,,,
1079,25324,,,,
1080,25320,,,,
1081,25282,,,,
1082,1318,,,,
1083,1402,,,,
1084,1366,,,,
1085,1475,,,,
1086,22254,8.5,5.2,5.3,
1087,22258,8.5,5.2,5.3,
1088,22260,8.5,5.2,5.3,
1089,22261,8.5,5.2,5.3,
1090,22262,8.5,5.2,5.3,
1091,22223,,,,
1092,22239,,,,
1093,22181,10.8,2.1,2.2,
1094,22216,10.8,2.1,2.2,
1095,22210,10.8,2.1,2.2,
1096,22222,10.8,2.1,2.2,
1097,22226,10.8,2.1,2.2,
1098,22317,7.4,5.9,2.5,
1099,22323,7.4,5.9,2.5,
1100,22362,7.4,5.9,2.5,
1101,22432,7.4,5.9,2.5,
1102,178,14.0,3.9,3.9,
1103,186,7.4,5.8,2.5,
1104,190,7.4,5.8,2.5,
1105,192,7.4,5.8,2.5,
1106,194,7.4,5.8,2.5,
1107,196,7.4,5.8,2.5,
1108,197,7.4,5.8,2.5,
1109,199,7.4,5.8,2.5,
1110,204,7.4,5.8,2.5,
1111,206,7.4,5.8,2.5,
1112,8718,,,,
1113,8719,,,,
1114,8720,,,,
1115,8717,,,,
1116,8721,,,,
1117,205,7.4,5.8,2.5,
1118,22654,6.3,6.0,6.1,
1119,22559,19.0,5.0,5.1,
1120,304,8.5,2.7,2.7,
1121,305,8.5,2.7,2.7,
1122,308,8.5,2.7,2.7,
1123,22435,8.5,2.7,2.7,
1124,22463,8.5,2.7,2.7,
1125,22558,8.5,2.7,2.7,
1126,311,6.7,2.2,2.2,
1127,312,6.7,2.2,2.2,
1128,313,6.7,2.2,2.2,
1129,314,6.7,2.2,2.2,
1130,317,6.7,2.2,2.2,
1131,14868,6.7,2.2,2.2,
1132,14869,6.7,2.2,2.2,
1133,14870,6.7,2.2,2.2,
1134,14871,6.7,2.2,2.2,
1135,177,10.2,3.9,3.9,
1136,259,19.0,5.1,5.1,
1137,358,8.5,2.7,2.7,
1138,1253,9.3,3.0,3.0,4g
1139,1249,9.3,3.0,3.0,4g
1140,1250,9.3,3.0,3.0,4g
1141,1246,9.3,3.0,3.0,4g
1142,1642,,,,
1143,1809,9.5,2.2,2.1,
1144,408,8.2,8.6,2.8,13g
1145,409,,,,
1146,403,14.7,5.0,5.9,200ml
1147,757,12.3,4.3,4.3,50ml
1148,1094,17.8,5.1,5.1,150ml
1149,1156,5.4,5.0,5.3,20ml
1150,1158,3.0,13.6,3.0,30ml
1151,398,9.5,2.1,2.1,"3,5g"
1152,401,9.5,2.1,2.1,"3,5g"
1153,406,9.3,3.0,3.0,4g
1154,407,9.3,3.0,3.0,4g
1155,1636,5.6,6.5,6.6,50ml
1156,402,9.5,2.2,2.1,"3,5g"
1157,405,9.5,2.2,2.1,"3,5g"
1158,1699,5.4,5.0,5.3,20ml
1159,1199,9.5,2.2,2.1,
1160,410,5.2,5.3,2.4,11g
1161,961,9.5,5.0,2.5,18g
1162,411,5.2,5.3,2.4,11g
1163,1180,9.5,5.0,2.4,19g
1164,20049,,,,
1165,1029,6.4,6.7,6.7,
1166,1024,11.6,4.1,4.1,
1167,1012,18.5,5.2,5.2,
1168,1020,17.3,11.2,4.1,
1169,1017,10.9,4.3,4.3,
1170,1018,6.0,7.7,7.7,
1171,1019,,,,
1172,1022,2.4,9.9,2.4,
1173,1824,7.8,7.2,3.6,
1174,1846,7.8,7.2,3.6,
1175,1980,7.8,7.2,3.6,
1176,1981,7.8,7.2,3.6,
1177,2794,7.2,6.9,2.6,
1178,2907,7.2,6.9,2.6,
1179,2916,7.2,6.9,2.6,
1180,2918,7.2,6.9,2.6,
1181,3383,7.2,6.9,2.6,
1182,22165,2.0,13.5,,
1183,22068,2.1,7.5,2.1,
1184,22069,2.1,7.5,2.1,
1185,22102,2.1,7.5,2.1,
1186,22012,13.9,11.0,1.5,
1187,22016,13.9,11.0,1.5,
1188,3385,13.9,11.0,1.5,
1189,3509,13.9,11.0,1.5,
1190,3512,13.9,11.0,1.5,
1191,3517,13.9,11.0,1.5,
1192,3519,13.9,11.0,1.5,
1193,3542,13.9,11.0,1.5,
1194,3570,1.7,12.0,1.6,
1195,3573,1.7,12.0,1.6,
1196,3579,1.7,12.0,1.6,
1197,3604,1.7,12.0,1.6,
1198,3601,1.7,12.0,1.6,
1199,3603,1.7,12.0,1.6,
1200,3640,1.7,12.0,1.6,
1201,3641,1.7,12.0,1.6,
1202,3643,1.7,12.0,1.6,
1203,3645,1.7,12.0,1.6,
1204,3647,1.7,12.0,1.6,
1205,22155,7.2,6.9,2.6,
1206,22160,7.2,6.9,2.6,
1207,3652,7.8,7.2,3.6,
1208,447,7.8,7.2,3.6,
1209,3654,7.8,7.2,3.6,
1210,3662,7.8,7.2,3.6,
1211,3715,7.8,7.2,3.6,
1212,3667,7.2,6.9,2.6,
1213,3672,7.2,6.9,2.6,
1214,22103,1.3,14.4,1.4,
1215,22108,1.3,14.4,1.4,
1216,14866,1.8,14.0,1.8,
1217,22173,2.6,10.9,2.0,
1218,22191,2.6,10.9,2.0,
1219,22206,2.6,10.9,2.0,
1220,22215,2.6,10.9,2.0,
1221,22217,2.6,10.9,2.0,
1222,14610,2.6,10.9,2.0,
1223,14620,2.6,10.9,2.0,
1224,14622,2.6,10.9,2.0,
1225,14623,2.6,10.9,2.0,
1226,14627,2.6,10.9,2.0,
1227,14637,2.6,10.9,2.0,
1228,14644,12.0,5.0,2.7,2ml
1229,14655,12.0,5.0,2.7,2ml
1230,14656,12.0,5.0,2.7,2ml
1231,14658,12.0,5.0,2.7,2ml
1232,14663,12.0,5.0,2.7,2ml
1233,8190,,,,
1234,14664,15.0,3.5,3.5,50ml
1235,23043,4.9,6.1,6.1,50ml
1236,14667,9.8,3.7,3.7,30ml
1237,23140,5.3,5.3,2.4,"9,5g"
1238,8188,,,,
1239,23138,19.4,15.4,,
1240,7847,,,,
1241,22872,3.5,16.4,2.5,15ml
1242,22891,19.6,5.8,5.8,200ml
1243,23226,23.5,15.3,,
1244,14686,15.0,3.5,3.5,50ml
1245,14687,15.0,3.5,3.5,50ml
1246,14688,15.0,3.5,3.5,50ml
1247,14691,15.0,3.5,3.5,50ml
1248,14693,16.5,3.0,2.1,15ml
1249,23141,13.0,6.0,2.3,"4,3g"
1250,23045,13.0,6.0,2.3,"4,3g"
1251,23151,13.0,6.0,2.3,"4,3g"
1252,23049,13.0,6.0,2.3,"4,3g"
1253,23047,13.0,6.0,2.3,"4,3g"
1254,23048,13.0,6.0,2.3,"4,3g"
1255,14697,15.0,3.5,3.5,50ml
1256,8187,,,,
1257,8552,,,,
1258,14698,15.0,3.5,3.5,50ml
1259,17070,,,,
1260,1451,,,,
1261,17068,,,,
1262,17008,,,,
1263,4146,,,,
1264,20047,,,,
1265,20043,,,,
1266,20016,,,,
1267,20048,,,,
1268,20042,,,,
1269,1474,,,,
1270,1242,,,,
1271,1378,,,,
1272,1312,,,,
1273,1322,,,,
1274,1395,,,,
1275,1793,,,,
1276,1842,,,,
1277,1949,,,,
1278,1495,,,,
1279,1518,,,,
1280,1517,,,,
1281,1762,,,,
1282,1763,,,,
1283,1667,,,,
1284,1668,,,,
1285,1581,,,,
1286,1627,,,,
1287,1709,,,,
1288,1710,,,,
1289,1768,,,,
1290,1769,,,,
1291,1792,,,,
1292,1766,,,,
1293,1767,,,,
1294,2044,,,,
1295,1984,,,,
1296,2041,,,,
1297,2050,,,,
1298,1711,,,,
1299,1761,,,,
