id,product_id,sku,ean,label_url
1,1,758,8809562559924,
2,2,310,8809292443210,
3,3,316,8809864768123,
4,4,369,8809562558514,
5,5,636,8809562559214,
6,6,23056,8809864752313,
7,7,23070,8809864762299,
8,8,23055,8800280691903,
9,9,6137,8800280692283,
10,10,16808,8800280690005,
11,11,175,8809864760615,
12,12,20041,,
13,13,8630,8800307379326,
14,14,16998,1111111111111,
15,15,16947,1111111111111,
16,16,1716,8809640737251,
17,17,1717,8809640735561,
18,18,1721,8809640736667,
19,19,1732,8809640734519,
20,20,17067,1111111111111,
21,21,17726,8809640732799,
22,22,1743,8809640732829,
23,23,1734,8809640730283,
24,24,1735,8809640730696,
25,25,1747,8809640734427,
26,26,1738,8809640733666,
27,27,1741,8809640733703,
28,28,7769,8809640730092,
29,29,1125,8809640738135,
30,30,4746,8800307377636,
31,31,8629,8800307377353,
32,32,4759,8800307376349,
33,33,4760,8800307376387,
34,34,4745,8800307377698,
35,35,8653,8800307378886,
36,36,4757,8800307376516,
37,37,8654,8800307378909,
38,38,4754,8800307377612,
39,39,4749,8800307377605,
40,40,4744,8800307377674,
41,41,4747,8800307377643,
42,42,4748,8800307377681,
43,43,4742,8800307376301,
44,44,4743,8800307376035,
45,45,8628,8800307377377,
46,46,4758,8800307376493,
47,47,17074,1111111111111,
48,48,16995,1111111111111,
49,49,4739,8800307371672,
50,50,4738,8800307373386,
51,51,4737,8800307373379,
52,52,4731,8800307372983,
53,53,4734,8800307374390,
54,54,4733,8800307373331,
55,55,4732,8800307374499,
56,56,1748,8809640734373,
57,57,1705,8809640734342,
58,58,1715,8809640733550,
59,59,1157,8809640734946,
60,60,1162,8809640734595,
61,61,17727,8809640735455,
62,62,1770,8809640735608,
63,63,1771,8809640735462,
64,64,1772,8809640734861,
65,65,17069,1111111111111,
66,66,1701,8809640739309,
67,67,17480,1111111111111,
68,68,17456,1111111111111,
69,69,17075,1111111111111,
70,70,27500,1111111111111,
71,71,27433,1111111111111,
72,72,1739,8809640733185,
73,73,18326,8800307372556,
74,74,19498,1111111111111,
75,75,19562,1111111111111,
76,76,19585,5017101634282,
77,77,19490,1111111111111,
78,78,19513,1111111111111,
79,79,19481,1111111111111,
80,80,19567,1111111111111,
81,81,19520,1111111111111,
82,82,19531,1111111111111,
83,83,8146,8809874683140,
84,84,8149,8809874685168,
85,85,8147,8809874683195,
86,86,8162,8809874685229,
87,87,8148,8809874683317,
88,88,8142,8809874682679,
89,89,8145,8809874682747,
90,90,8144,8809874682730,
91,91,8143,8809874682686,
92,92,23705,8809562192220,
93,93,23397,8809562190738,
94,94,23464,8809562191070,
95,95,23675,8809562191889,
96,96,23431,8809562190745,
97,97,23699,8809562191971,
98,98,23466,8809562190820,
99,99,8169,8809562193173,
100,100,23709,8809562192572,
101,101,23707,8809562192251,
102,102,23751,8809562192763,
103,103,23725,8809562192770,
104,104,30023,8809238963963,
105,105,29815,8809151130510,
106,106,30021,8809238967213,
107,107,30026,8809151135041,
108,108,30022,8809151133573,
109,109,30025,8809151133504,
110,110,29608,8809238963031,
111,111,26682,8809634610034,
112,112,26794,8809634610959,
113,113,8168,8809634611246,
114,114,26737,8809634610249,
115,115,26736,8809634610096,
116,116,26804,8809634611178,
117,117,26743,8809634610881,
118,118,5355,8809524370390,
119,119,627,8809928119779,
120,120,614,8809524370307,
121,121,599,8809524370093,
122,122,604,8809980444505,
123,123,613,8809524370208,
124,124,3023,8809514649482,
125,125,3103,8809514649857,
126,126,3009,8809514649468,
127,127,3045,8809514649840,
128,128,3116,8809948521545,
129,129,2855,8809514649451,
130,130,3130,8809514642223,
131,131,2952,8809514649420,
132,132,1179,8809738316412,
133,133,24381,8809968130918,
134,134,1181,8809525249565,
135,135,23044,8809738310960,
136,136,1247,8809738315866,
137,137,1252,8809738312728,
138,138,24385,8809968130871,
139,139,1639,8809968130239,
140,140,1649,8809657114960,
141,141,24383,8809968130895,
142,142,1822,8809738314678,
143,143,1845,8809968130246,
144,144,2897,8809968130277,
145,145,2917,8809738316146,
146,146,3412,8809738316139,
147,147,24384,8809968130888,
148,148,448,8809968132523,
149,149,27432,,
150,150,27421,,
151,151,27418,,
152,152,1974,8809864766884,
153,153,2793,8809782555508,
154,154,497,,
155,155,498,,
156,156,3516,8809937361060,
157,157,3518,8809937360971,
158,158,24388,8809937361466,
159,159,24386,8809937361480,
160,160,6269,8809891184606,
161,161,3691,8800316296614,
162,162,3690,8800316292678,
163,163,3692,8800316292104,
164,164,3693,8809971480925,
165,165,3694,8809971483957,
166,166,3695,8800296555565,
167,167,3963,8800276314847,
168,168,3966,8809968208129,
169,169,3697,8809968203773,
170,170,3698,8800276315493,
171,171,3696,8800296555886,
172,172,4004,8809480775000,
173,173,4046,8809469476317,
174,174,4048,8809849808899,
175,175,4049,8800296550492,
176,176,4006,8809971487443,
177,177,4003,8809971481083,
178,178,4047,8809934250039,
179,179,3996,8809875906347,
180,180,3995,8809864754270,
181,181,4002,8809496775308,
182,182,4000,8809849807090,
183,183,3999,8809849802798,
184,184,3998,8809849806406,
185,185,3997,8809849802675,
186,186,22715,8809647773092,
187,187,22739,8809647773108,
188,188,22318,8809647772200,
189,189,22405,8809647772217,
190,190,22434,8809647773016,
191,191,22316,8809647772545,
192,192,22701,8809647772729,
193,193,22702,8809647772736,
194,194,22740,8809647772781,
195,195,22743,8809647772811,
196,196,22764,8809647772835,
197,197,22766,8809647772866,
198,198,22767,8809647772903,
199,199,21972,8809647772415,
200,200,22437,8809647773023,
201,201,22663,8809647773030,
202,202,22666,8809647773047,
203,203,21952,8809647772279,
204,204,21974,8809647772347,
205,205,21988,8809647772354,
206,206,21991,8809647772361,
207,207,21969,8809647772392,
208,208,21971,8809647772408,
209,209,22711,8809647773054,
210,210,22712,8809647773061,
211,211,22713,8809647773078,
212,212,22714,8809647773085,
213,213,22709,8809647772224,
214,214,22708,8809647772330,
215,215,22706,8809647772323,
216,216,3599,8809875907412,
217,217,21937,8809606850499,
218,218,21938,8809606850475,
219,219,21939,8809606850505,
220,220,21897,8809463992615,
221,221,21944,8809971482349,
222,222,8551,8809743548525,
223,223,21940,8809971489911,
224,224,8518,8800296556685,
225,225,21943,8800296551550,
226,226,21941,8809743546323,
227,227,21942,8809971484510,
228,228,8203,8809975198192,
229,229,3605,8809541379468,
230,230,21883,8809686386185,
231,231,21885,8809849807410,
232,232,3608,8809971482318,
233,233,21864,8809954940132,
234,234,3644,8809700320812,
235,235,3650,8809700320805,
236,236,17434,,
237,237,27249,,
238,238,27256,,
239,239,27266,,
240,240,27273,,
241,241,3566,8809782559063,
242,242,23752,8806109101257,
243,243,24256,8806109107143,
244,244,24244,8806109107136,
245,245,23895,8806109106177,
246,246,23921,8806109104227,
247,247,7842,8806109105422,
248,248,24371,8806109104555,
249,249,24378,8806109101158,
250,250,8178,8806109107358,
251,251,8179,8806109107594,
252,252,23766,8806109100809,
253,253,23929,8806109186216,
254,254,8170,8806109106733,
255,255,23919,8806109191241,
256,256,7643,,
257,257,7645,,
258,258,7629,,
259,259,7628,,
260,260,7642,,
261,261,7644,,
262,262,7630,,
263,263,7641,,
264,264,7626,,
265,265,7627,,
266,266,7619,,
267,267,7617,,
268,268,7616,,
269,269,7618,,
270,270,19510,1111111111111,
271,271,6501,,
272,272,6503,,
273,273,6504,,
274,274,6502,,
275,275,18422,8809576262209,
276,276,18430,8809576261721,
277,277,18335,8809576261745,
278,278,18351,8809913830160,
279,279,97612,8809192705593,
280,280,94445,8809192704886,
281,281,18353,8809192706989,
282,282,96564,8809192705470,
283,283,96566,8809192705494,
284,284,95608,8809192705159,
285,285,20586,8809192706231,
286,286,96565,8809192705487,
287,287,99700,8809192705807,
288,288,99701,8809192705791,
289,289,95004,8809192705050,
290,290,95002,8809192705036,
291,291,97611,8809192705586,
292,292,95001,8809192705029,
293,293,20592,8809192706279,
294,294,20588,8809192706286,
295,295,85000,8809373570156,
296,296,95003,8809192705043,
297,297,17734,8809192706972,
298,298,17747,8809192707009,
299,299,17741,8809192706996,
300,300,19235,8809192708020,
301,301,94177,8809192707979,
302,302,93503,8809192707962,
303,303,95263,8809192708037,
304,304,11878,8809192708082,
305,305,18361,8809192705067,
306,306,94675,8809192708105,
307,307,94176,8809192707986,
308,308,94674,8809192708099,
309,309,19685,,
310,310,19680,,
311,311,19649,,
312,312,19570,,
313,313,924,,
314,314,19480,,
315,315,19479,,
316,316,19482,,
317,317,85004,8809373570194,
318,318,95609,8809192705081,
319,319,88410,8809192703179,
320,320,18328,7799192708360,
321,321,18331,7799192708827,
322,322,18346,,
323,323,18352,,
324,324,18360,,
325,325,18380,7799192708414,
326,326,18383,7799192708810,
327,327,18403,7799192708322,
328,328,18409,7799192708315,
329,329,18410,7799192708308,
330,330,18417,7799192708407,
331,331,85007,8809192700017,
332,332,85008,8809192700024,
333,333,86317,8809192702684,
334,334,85001,8809373570064,
335,335,84997,8809373570026,
336,336,84996,8809373570057,
337,337,97664,8809373570187,
338,338,85200,889373570163,
339,339,84998,8809373570095,
340,340,85006,8809373570019,
341,341,85005,8809373570101,
342,342,85002,8809373570040,
343,343,97665,8809373570200,
344,344,85003,8809373570071,
345,345,84999,8809373570118,
346,346,92355,8809192704213,
347,347,92356,8809192704206,
348,348,88411,8809192703162,
349,349,88409,8809192703131,
350,350,99617,,
351,351,16990,,
352,352,95008,8809192708075,
353,353,95007,8809192708006,
354,354,96793,8809192708051,
355,355,95006,8809192708068,
356,356,95005,8809192708044,
357,357,19521,,
358,358,19560,,
359,359,19501,,
360,360,19500,,
361,361,19485,,
362,362,19487,,
363,363,19565,,
364,364,19511,,
365,365,19512,,
366,366,19653,,
367,367,4044,,
368,368,4043,,
369,369,20062,8809598457058,
370,370,3651,8809598455290,
371,371,14601,8809416470009,
372,372,14603,8809598451070,
373,373,14641,8809416470030,
374,374,14654,8809416470054,
375,375,20064,8800311120822,
376,376,20061,8809598457171,
377,377,14659,8809416470122,
378,378,14665,8809416470511,
379,379,14689,8809598456389,
380,380,14692,8809598453883,
381,381,14696,8809598453807,
382,382,14699,8809598455672,
383,383,14701,8809416471112,
384,384,14704,8809598455658,
385,385,14714,8809598454880,
386,386,14715,8809598454668,
387,387,14720,8809598457232,
388,388,14717,8809598454637,
389,389,14719,8809598456983,
390,390,14723,8809598455795,
391,391,14730,8800311121256,
392,392,20063,8809598456242,
393,393,3687,,
394,394,3688,,
395,395,3689,,
396,396,14647,8809598457195,
397,397,14651,8809416470191,
398,398,20060,8809598457348,
399,399,20058,8809598457355,
400,400,20059,8809598457331,
401,401,19687,,
402,402,21007,,
403,403,21011,,
404,404,19730,,
405,405,19694,,
406,406,21054,,
407,407,19692,,
408,408,4087,7790004087000,
409,409,4088,7790004088007,
410,410,4089,7790004089004,
411,411,4100,7790004100006,
412,412,4115,7790004115000,
413,413,4116,7790004116007,
414,414,4117,8808739000108,
415,415,4118,7790004118001,
416,416,5393,8809546674834,
417,417,5394,8809546674810,
418,418,4080,8800273180087,
419,419,4081,8800273180094,
420,420,4078,8800273180063,
421,421,4079,8800273180070,
422,422,5387,8809546674995,
423,423,5392,8800273180407,
424,424,5388,8809546674988,
425,425,5389,8809546675022,
426,426,5391,8809546675039,
427,427,5390,8809546675008,
428,428,3990,7790003990004,
429,429,4075,7790004075007,
430,430,4076,7790004076004,
431,431,4077,7790004077001,
432,432,3899,7790003899000,
433,433,3921,7790003921008,
434,434,3936,7790003936002,
435,435,3922,7790003922005,
436,436,3964,7790003964005,
437,437,3944,7790003944007,
438,438,3819,7790003819008,
439,439,3920,7790003920001,
440,440,3929,7790003929004,
441,441,3919,7790003919005,
442,442,5385,8800273181077,
443,443,5384,8800273181060,
444,444,5386,8800273181084,
445,445,3888,7790003888004,
446,446,3887,7790003887007,
447,447,5581,7790055810008,
448,448,5577,7790055770005,
449,449,5578,7790055780004,
450,450,5579,7790055790003,
451,451,5583,7790055830006,
452,452,5582,7790055820007,
453,453,4085,8800273180100,
454,454,4086,8800273180117,
455,455,4083,8800273180131,
456,456,4084,8800273180124,
457,457,27835,8809447255644,
458,458,27836,8809447255651,
459,459,27837,8809447255880,
460,460,27839,8809447255934,
461,461,27840,8809447255903,
462,462,27899,8809447255910,
463,463,27900,8809447254784,
464,464,28105,8809447254791,
465,465,5270,8809447255460,
466,466,5269,8809447254814,
467,467,27544,8809447254838,
468,468,5268,8809447254555,
469,469,5267,8809447254548,
470,470,27545,8809447255477,
471,471,27606,8809447255484,
472,472,27817,8809447255491,
473,473,27824,8809447255507,
474,474,27826,8809447255514,
475,475,27827,8809447253541,
476,476,28451,8809447254128,
477,477,28759,8809447255088,
478,478,23105,8809447256290,
479,479,23103,8809447255767,
480,480,23096,8809447255729,
481,481,23099,8809447255743,
482,482,23104,8809447255804,
483,483,23106,8809447256122,
484,484,8201,8809447257051,
485,485,931,8809447255750,
486,486,23107,8809447256184,
487,487,23108,8809447256085,
488,488,23095,8809447256191,
489,489,14733,8809447256795,
490,490,929,8809447255712,
491,491,14742,8809447255101,
492,492,23089,8809447254708,
493,493,930,8809447255736,
494,494,14743,8809447255071,
495,495,8517,8809447257068,
496,496,23110,8809447256412,
497,497,14736,8809447256221,
498,498,933,8809447256283,
499,499,23117,8809447256658,
500,500,14746,8809447255385,
501,501,932,8809447255811,
502,502,23312,8809886481611,
503,503,23313,8809886481604,
504,504,23927,8809886481857,
505,505,23265,8809886481581,
506,506,23918,8809886481970,
507,507,23753,8809886481963,
508,508,23360,8809886482373,
509,509,23347,8809886482366,
510,510,24259,8809886481932,
511,511,24376,8809886482434,
512,512,23341,8809886481642,
513,513,23322,8809886481659,
514,514,23364,8809886482809,
515,515,23920,8809886481864,
516,516,28821,8809543253513,
517,517,28760,8809543253346,
518,518,30720,8809543253377,
519,519,30024,8809543253360,
520,520,28761,8809543253506,
521,521,28820,8809543253568,
522,522,843,8809527486449,
523,523,846,8809527486456,
524,524,4145,8809527486463,
525,525,883,8809527487156,
526,526,8310,8809292441285,
527,527,22259,8809875457788,
528,528,14747,8809875456484,
529,529,14749,8809875456460,
530,530,14752,8809875456477,
531,531,3058,8801489119113,
532,532,3056,8801489119151,
533,533,2992,8809458145453,
534,534,3034,8809203661528,
535,535,3136,8809203661061,
536,536,3160,8809203661108,
537,537,3113,8809203661757,
538,538,2852,8809469477598,
539,539,3053,8809203661948,
540,540,3212,8801489118871,
541,541,2888,8800307420080,
542,542,3105,8809203661573,
543,543,3209,8809865770378,
544,544,3038,8809203661641,
545,545,3033,8801489118925,
546,546,3120,8809203662044,
547,547,3104,8809203662013,
548,548,3036,8809203661610,
549,549,3208,8800307420110,
550,550,3207,8809203661887,
551,551,3017,8809203661566,
552,552,3016,8800307420059,
553,553,3015,8800307420066,
554,554,3014,8800307420073,
555,555,3210,8809469477628,
556,556,2991,8809374645884,
557,557,3131,8809689211163,
558,558,3171,8809203661474,
559,559,3211,8809203661511,
560,560,3878,8809567707863,
561,561,3879,8809567707948,
562,562,3880,8809567707955,
563,563,6341,8809567704374,
564,564,6342,8809567705302,
565,565,6340,8809567704367,
566,566,6343,8809567705319,
567,567,3804,8809567704213,
568,568,3860,8809567705838,
569,569,3802,8809567707528,
570,570,3806,8809567706163,
571,571,5642,8809567708600,
572,572,3820,8809567707672,
573,573,3803,8809567704022,
574,574,3833,8809567708341,
575,575,25215,8809954945908,
576,576,25130,8809738605226,
577,577,25164,8800250591974,
578,578,24390,8809875900215,
579,579,24395,8809875904343,
580,580,3883,8809567707207,
581,581,3884,8809567708518,
582,582,3882,8809567707191,
583,583,3881,8809567707214,
584,584,3886,8809567707962,
585,585,3885,8809567708150,
586,586,6338,8809539870137,
587,587,6337,8809539870106,
588,588,6336,8809539870083,
589,589,6339,8809539870120,
590,590,673,8809539870168,
591,591,674,8809539870175,
592,592,713,8809539870144,
593,593,712,8809539870151,
594,594,677,8809539870182,
595,595,6143,8809652582856,
596,596,6144,8809652588629,
597,597,6145,8800312061063,
598,598,6146,8800312061070,
599,599,138,8809652587752,
600,600,143,8809652587769,
601,601,146,8809652587783,
602,602,169,8809652587813,
603,603,170,8809652587820,
604,604,173,8809652587844,
605,605,299,8809652582603,
606,606,183,8809652582535,
607,607,185,8809652582573,
608,608,187,8809652582689,
609,609,191,8809652582702,
610,610,193,8809652582719,
611,611,195,8809652582504,
612,612,207,8809652586465,
613,613,209,8809652586540,
614,614,211,8809652582627,
615,615,306,8809652582658,
616,616,307,8809652582665,
617,617,309,8809652582672,
618,618,315,8809652586625,
619,619,319,8809652586632,
620,620,354,8809652582757,
621,621,355,8809652586779,
622,622,356,8809652586878,
623,623,357,8809652586755,
624,624,359,8809652586823,
625,625,6198,8809652585635,
626,626,6195,8809652585758,
627,627,6197,8809652585574,
628,628,6196,8809652585550,
629,629,23084,8809652582511,
630,630,23075,8809652582597,
631,631,6199,8800312061148,
632,632,6200,8800312061155,
633,633,6201,8800312061162,
634,634,6202,8800312061179,
635,635,6203,8800312061186,
636,636,6204,8800312061193,
637,637,759,8809652586069,
638,638,963,8809652585949,
639,639,967,8809652586120,
640,640,1150,8809652585956,
641,641,220,8809652586076,
642,642,1154,8809652586113,
643,643,6140,8800312061391,
644,644,6141,8800312061377,
645,645,6142,8800312061490,
646,646,6194,8809652585581,
647,647,136,8809652585703,
648,648,135,8809652583112,
649,649,6133,8809937680253,
650,650,53101,8809704092128,
651,651,60318,8809704094719,
652,652,392,8809704095198,
653,653,391,8809704095037,
654,654,8307,8809704096430,
655,655,26805,8809532221462,
656,656,26542,8809532221738,
657,657,26807,8809532221707,
658,658,26546,8809532221356,
659,659,26591,8809532221349,
660,660,26806,8809532221967,
661,661,592,8809481762009,
662,662,587,8809481760524,
663,663,580,8809481760678,
664,664,582,8809481760722,
665,665,578,8809481760463,
666,666,603,8809481761934,
667,667,585,8809481760883,
668,668,26273,8809971480239,
669,669,26325,8809653247143,
670,670,26280,8809653247136,
671,671,26316,8809653247112,
672,672,26420,8809653247129,
673,673,1641,8809728080446,
674,674,1580,8809728080316,
675,675,1509,8809728080231,
676,676,1585,8809728080118,
677,677,1513,8809728080071,
678,678,300,8809655951956,
679,679,157,8809655951970,
680,680,58346,8809655952373,
681,681,60324,8809655951949,
682,682,275,8809655952236,
683,683,361,8809655952472,
684,684,53621,8809655951376,
685,685,22154,8809695240607,
686,686,22098,8809695240614,
687,687,21997,8809695240553,
688,688,21985,8809695240560,
689,689,22061,8809695240584,
690,690,1161,8809695240515,
691,691,1174,8809695240577,
692,692,22104,8809695240621,
693,693,22162,8809695240676,
694,694,1178,8809695240508,
695,695,20051,,
696,696,2056,8800252159790,
697,697,88418,1234567891064,
698,698,84296,1234567891040,
699,699,84293,1234567891019,
700,700,89531,1234567899015,
701,701,89533,1234567899039,
702,702,84294,1234567891026,
703,703,84295,1234567891033,
704,704,84955,1234567891101,
705,705,84954,1234567891118,
706,706,89532,1234567899008,
707,707,89534,1234567899022,
708,708,18421,1234567891156,
709,709,19574,,
710,710,19773,,
711,711,19761,,
712,712,19775,,
713,713,19746,,
714,714,19745,,
715,715,19731,,
716,716,716,8809517466642,
717,717,714,8809517467373,
718,718,715,8809517466833,
719,719,717,8809568745772,
720,720,718,8809693251612,
721,721,8321,8809693254163,
722,722,6255,8809964311564,
723,723,6256,8809964311656,
724,724,3134,8809334863303,
725,725,3132,8809334864911,
726,726,3133,8809334860531,
727,727,3135,8809334860807,
728,728,25611,8806109182300,
729,729,25596,8806109182324,
730,730,25464,8806109182331,
731,731,25387,8806109182317,
732,732,25369,8806109182355,
733,733,25368,8806109182348,
734,734,25966,8806109102360,
735,735,26035,8806109102377,
736,736,26279,8806109102575,
737,737,26042,8806109102384,
738,738,25661,8806109102353,
739,739,26549,8806109105248,
740,740,26327,8806109105255,
741,741,26507,8806109105262,
742,742,26323,8806109105231,
743,743,8299,8809656960728,
744,744,6257,8809730950560,
745,745,6258,8809657114687,
746,746,6259,8809082392292,
747,747,6260,8809730956630,
748,748,6261,8809730959075,
749,749,6263,8809730952212,
750,750,605,8809670681517,
751,751,608,8809670680879,
752,752,632,8809670680794,
753,753,579,8809670680831,
754,754,606,8809670681401,
755,755,607,8809670680824,
756,756,600,8809670682064,
757,757,581,8809670680862,
758,758,8308,8809670683320,
759,759,583,8809670683313,
760,760,623,8809670681159,
761,761,584,8809670681692,
762,762,626,8809670680961,
763,763,1241,8800256114740,
764,764,4119,8800289466571,
765,765,1251,8809981339206,
766,766,1254,8800256112227,
767,767,1643,8800240579838,
768,768,1823,8809982769866,
769,769,1806,8809960356620,
770,770,8521,8800289467271,
771,771,1177,8800289477478,
772,772,1238,8800289479991,
773,773,1944,8809883884088,
774,774,1030,8800289477416,
775,775,1033,8800289479588,
776,776,3382,8809981334928,
777,777,8294,,
778,778,8520,8800289467707,
779,779,8651,8800289466441,
780,780,1128,8800289479496,
781,781,1127,8800289478772,
782,782,8293,8800289473852,
783,783,18798,8800289474675,
784,784,3413,8800256118885,
785,785,3414,8800256115532,
786,786,3415,8800256119042,
787,787,3416,8800256108053,
788,788,3384,8800256112234,
789,789,18747,8809936587119,
790,790,8522,8800256119325,
791,791,3419,8800256114313,
792,792,3506,8800240566913,
793,793,18745,8800240575298,
794,794,18746,8800256114610,
795,795,1198,8800256114665,
796,796,16992,,
797,797,16954,,
798,798,18802,8809517411741,
799,799,17516,,
800,800,17072,,
801,801,17000,,
802,802,17432,,
803,803,17052,,
804,804,2911,8800256113217,
805,805,2764,8800256108046,
806,806,17001,,
807,807,18796,8800289470455,
808,808,4121,8800256119127,
809,809,4120,8800256114986,
810,810,18800,8800289470165,
811,811,17076,,
812,812,17567,,
813,813,4122,8800256114375,
814,814,8295,8800289475085,
815,815,1245,8800256114818,
816,816,18324,8809960354732,
817,817,8296,8800366240322,
818,818,8291,8800289475221,
819,819,18573,8800256114481,
820,820,8652,8800289468759,
821,821,8523,8800289466281,
822,822,8292,8800256114979,
823,823,8686,,
824,824,18794,8800256119219,
825,825,18793,8809517413653,
826,826,18750,8809517413646,
827,827,20052,,
828,828,588,8809941823073,
829,829,586,8809409340951,
830,830,598,8809941820904,
831,831,641,8809409347646,
832,832,602,8809409343082,
833,833,634,8809941820393,
834,834,594,8809941820386,
835,835,596,8809941820430,
836,836,595,8809941820621,
837,837,597,8809941821437,
838,838,640,8809409340319,
839,839,589,8809409345741,
840,840,593,8809409342504,
841,841,601,8809409340098,
842,842,642,8809606773781,
843,843,662,8809606776409,
844,844,810,8809606776294,
845,845,658,8809606774078,
846,846,770,8809606776683,
847,847,643,8809606773163,
848,848,657,8809606773156,
849,849,644,8809606773187,
850,850,663,8809606776867,
851,851,660,8809606776324,
852,852,6264,8809739130482,
853,853,6262,8809739130505,
854,854,6265,8809739130260,
855,855,6266,8809739130116,
856,856,6267,8809739130130,
857,857,6268,8809739130253,
858,858,3533,8809732911873,
859,859,22793,8809732914522,
860,860,3544,8809732910661,
861,861,3569,8809732910159,
862,862,8650,8809732914584,
863,863,22801,8809732912658,
864,864,3572,8809732912214,
865,865,22779,8809732910715,
866,866,3602,8809732912450,
867,867,8649,8809732915918,
868,868,8550,8809732915925,
869,869,22777,8809732913334,
870,870,3607,8809732915215,
871,871,22784,8809732910739,
872,872,3609,8809732910289,
873,873,3642,8809732912528,
874,874,17452,,
875,875,3578,8809732910791,
876,876,20045,,
877,877,20050,,
878,878,23297,8809918991163,
879,879,23234,8809918991170,
880,880,23230,8809918991347,
881,881,23233,8809918991231,
882,882,23228,8809494587040,
883,883,23229,8809494587064,
884,884,362,8809652587639,
885,885,384,8809652587646,
886,886,377,8809652589794,
887,887,390,8809652589800,
888,888,379,8809652588728,
889,889,388,8809652581774,
890,890,378,8809652589404,
891,891,383,8809652582221,
892,892,382,8809652580272,
893,893,389,8809652589619,
894,894,3700,8809567705623,
895,895,3699,8809567704862,
896,896,3709,8809567705470,
897,897,3748,8809567706262,
898,898,3792,8809567707887,
899,899,3801,8809567708327,
900,900,3701,8809567704930,
901,901,824,8809691971840,
902,902,831,8809691971857,
903,903,833,8800255681403,
904,904,834,8800255681441,
905,905,835,8800255681489,
906,906,837,8800255681496,
907,907,838,8800255681533,
908,908,839,8800255681540,
909,909,840,8800290369588,
910,910,842,8800290367591,
911,911,857,8809900981257,
912,912,853,8809828419641,
913,913,844,8800255687764,
914,914,847,8809970754539,
915,915,852,8800255687566,
916,916,24963,8809672512598,
917,917,24968,8809672512611,
918,918,25044,8809672512628,
919,919,25058,8809526847494,
920,920,25127,8809526847500,
921,921,24638,8809672512383,
922,922,24834,8809672512390,
923,923,24836,8809672512413,
924,924,24838,8809672512420,
925,925,24839,8809672512437,
926,926,24844,8809526847418,
927,927,24845,8809526847425,
928,928,24858,8809526847432,
929,929,24960,8809526847449,
930,930,24835,8809672512406,
931,931,24568,8809563103652,
932,932,24557,8809563103430,
933,933,24570,8809563101054,
934,934,24588,8809563103959,
935,935,24554,8809563100316,
936,936,24556,8809563100347,
937,937,60334,8809486681657,
938,938,58715,8809486681114,
939,939,370,8809486681961,
940,940,53668,8809486680353,
941,941,53622,8809486680896,
942,942,52119,8809486681244,
943,943,374,8809486680988,
944,944,387,8809486682272,
945,945,364,8809486682265,
946,946,301,8809486682289,
947,947,395,8800330330011,
948,948,397,8800330330097,
949,949,3648,8809657115479,
950,950,3660,8809738608364,
951,951,3664,8809738600245,
952,952,3665,8809657114731,
953,953,22809,8809962540270,
954,954,22824,8809962542441,
955,955,22865,8809962540591,
956,956,22890,8809962540812,
957,957,22899,8809962541048,
958,958,22867,8809962540805,
959,959,22864,8809962540584,
960,960,22873,8809962541246,
961,961,22866,8809962541239,
962,962,23046,8809962541222,
963,963,22845,8809849802408,
964,964,22856,8809962541352,
965,965,22851,8809962541345,
966,966,22808,8809743540710,
967,967,3669,8809782551814,
968,968,20044,,
969,969,6270,8809889551489,
970,970,394,8809725625497,
971,971,393,8809934860870,
972,972,18118,,
973,973,18123,,
974,974,18143,,
975,975,18142,,
976,976,18119,,
977,977,18112,8809576260502,
978,978,84794,8809576261134,
979,979,84790,8809576261110,
980,980,84791,8809576261127,
981,981,84793,8809576260601,
982,982,18109,8809576261141,
983,983,17748,8809913830139,
984,984,1773,8809576260724,
985,985,17750,8809576261493,
986,986,7516,8809913834878,
987,987,7510,8809913834595,
988,988,7518,8809913833482,
989,989,7512,8809913834557,
990,990,7513,8809913834571,
991,991,7514,8809913834847,
992,992,7517,8809913833444,
993,993,7515,8809913834861,
994,994,7511,8809913834540,
995,995,18452,8809576261868,
996,996,18453,8809913830641,
997,997,17051,8809576261233,
998,998,18418,8809913832034,
999,999,18425,8809913831310,
1000,1000,18431,8809913832003,
1001,1001,18454,8809913832058,
1002,1002,18455,8809913830931,
1003,1003,18419,8809576260496,
1004,1004,14753,8809913832508,
1005,1005,14755,8809913832492,
1006,1006,14758,8809576261455,
1007,1007,14760,8809576261653,
1008,1008,14778,8809576261646,
1009,1009,1774,8809913830085,
1010,1010,84799,8809913830115,
1011,1011,14789,8809913830177,
1012,1012,84802,8809576261769,
1013,1013,18110,8809576261738,
1014,1014,84801,8809576261752,
1015,1015,14757,8809913832515,
1016,1016,17752,8809913830047,
1017,1017,84800,8809576261714,
1018,1018,18108,8809576261677,
1019,1019,1776,8809576261615,
1020,1020,1802,8809576261189,
1021,1021,84798,8809913830627,
1022,1022,1804,8809576261165,
1023,1023,16991,,
1024,1024,17002,,
1025,1025,17454,,
1026,1026,16985,,
1027,1027,17433,,
1028,1028,17003,,
1029,1029,84795,8809576261301,
1030,1030,84796,8809576261592,
1031,1031,84797,8809913830214,
1032,1032,925,,
1033,1033,926,,
1034,1034,19813,,
1035,1035,19808,,
1036,1036,19828,,
1037,1037,19566,,
1038,1038,19795,,
1039,1039,19803,,
1040,1040,19800,,
1041,1041,19817,,
1042,1042,19563,,
1043,1043,19741,,
1044,1044,19827,,
1045,1045,19812,,
1046,1046,19787,,
1047,1047,19781,,
1048,1048,19807,,
1049,1049,19804,,
1050,1050,19754,,
1051,1051,19747,,
1052,1052,927,,
1053,1053,24398,8809789571372,
1054,1054,26031,8809789571358,
1055,1055,24401,8809789571365,
1056,1056,24402,8809789571334,
1057,1057,26030,8809789571341,
1058,1058,24404,8809789571327,
1059,1059,26034,8809789570085,
1060,1060,24552,8809789571488,
1061,1061,24539,8809789571457,
1062,1062,24538,8809789571464,
1063,1063,25997,8809789571501,
1064,1064,24540,8809789571471,
1065,1065,24551,8809789571495,
1066,1066,26032,8809789570696,
1067,1067,26033,8809789570078,
1068,1068,26036,8809789570054,
1069,1069,26037,8809789570047,
1070,1070,25274,8809647390725,
1071,1071,25261,8809326334224,
1072,1072,25245,8809525242764,
1073,1073,25244,8809326333661,
1074,1074,25276,8809647394457,
1075,1075,25281,8809647395461,
1076,1076,25290,8809647391494,
1077,1077,25283,8809647391463,
1078,1078,25367,8809647391517,
1079,1079,25324,8809647391524,
1080,1080,25320,8809647391500,
1081,1081,25282,8809647391456,
1082,1082,1318,8809684562840,
1083,1083,1402,8800253022413,
1084,1084,1366,8809684563601,
1085,1085,1475,8800253026947,
1086,1086,22254,8800288642525,
1087,1087,22258,8800288642549,
1088,1088,22260,8800288642570,
1089,1089,22261,8800288642594,
1090,1090,22262,8800288642631,
1091,1091,22223,8809679690725,
1092,1092,22239,8809928135397,
1093,1093,22181,8800288641276,
1094,1094,22216,8800288641320,
1095,1095,22210,8800288641313,
1096,1096,22222,8800288641344,
1097,1097,22226,8800288641368,
1098,1098,22317,8809928136998,
1099,1099,22323,8809928137018,
1100,1100,22362,8809928137032,
1101,1101,22432,8809928137063,
1102,1102,178,8809679699612,
1103,1103,186,8809928135601,
1104,1104,190,8809928135625,
1105,1105,192,8809679697496,
1106,1106,194,8809928135656,
1107,1107,196,8809679697502,
1108,1108,197,8809928135663,
1109,1109,199,8809928133270,
1110,1110,204,8809928133225,
1111,1111,206,8809928135687,
1112,1112,8718,8809928134864,
1113,1113,8719,8809679696451,
1114,1114,8720,8809679696468,
1115,1115,8717,8809928133263,
1116,1116,8721,8809928137445,
1117,1117,205,8809928137544,
1118,1118,22654,8800288647254,
1119,1119,22559,8800288647247,
1120,1120,304,8809928137711,
1121,1121,305,8809928137735,
1122,1122,308,8809928137742,
1123,1123,22435,8809928135977,
1124,1124,22463,8809928136011,
1125,1125,22558,8809928136059,
1126,1126,311,8809928139074,
1127,1127,312,8809928139098,
1128,1128,313,8809928139135,
1129,1129,314,8809928139166,
1130,1130,317,8809928138909,
1131,1131,14868,8809928138718,
1132,1132,14869,8809928139142,
1133,1133,14870,8809928138978,
1134,1134,14871,8809928138985,
1135,1135,177,8809928133805,
1136,1136,259,8809928131153,
1137,1137,358,8809928136158,
1138,1138,1253,8809835061451,
1139,1139,1249,8809835061499,
1140,1140,1250,8809835061505,
1141,1141,1246,8809835061529,
1142,1142,1642,8809835060102,
1143,1143,1809,8809835060140,
1144,1144,408,8809835061772,
1145,1145,409,8809835061857,
1146,1146,403,8809835060348,
1147,1147,757,8809835061086,
1148,1148,1094,8809835060034,
1149,1149,1156,8809835060928,
1150,1150,1158,8809835060157,
1151,1151,398,8809835061147,
1152,1152,401,8809835063905,
1153,1153,406,8809835061475,
1154,1154,407,8809835061192,
1155,1155,1636,8809835060027,
1156,1156,402,8809835061291,
1157,1157,405,8809835061321,
1158,1158,1699,8809835060225,
1159,1159,1199,8809835060133,
1160,1160,410,8809835063226,
1161,1161,961,8809835060454,
1162,1162,411,8809835063240,
1163,1163,1180,8809835060041,
1164,1164,20049,,
1165,1165,1029,8809784600985,
1166,1166,1024,8809784600978,
1167,1167,1012,8809784600404,
1168,1168,1020,8809504742865,
1169,1169,1017,8809504741653,
1170,1170,1018,8809784600183,
1171,1171,1019,8809784600268,
1172,1172,1022,8809784600152,
1173,1173,1824,8809647771272,
1174,1174,1846,8809647771289,
1175,1175,1980,8809647771296,
1176,1176,1981,8809647772163,
1177,1177,2794,8809647771999,
1178,1178,2907,8809647772033,
1179,1179,2916,8809647772071,
1180,1180,2918,8809647772095,
1181,1181,3383,8809647772125,
1182,1182,22165,8809647771586,
1183,1183,22068,8809647770831,
1184,1184,22069,8809647770848,
1185,1185,22102,8809647772460,
1186,1186,22012,8809647770893,
1187,1187,22016,8809647773795,
1188,1188,3385,8809647770657,
1189,1189,3509,8809647770664,
1190,1190,3512,8809647770671,
1191,1191,3517,8809647770763,
1192,1192,3519,8809647770770,
1193,1193,3542,8809647770909,
1194,1194,3570,8809647771340,
1195,1195,3573,8809647771357,
1196,1196,3579,8809647771371,
1197,1197,3604,8809647771388,
1198,1198,3601,8809647771395,
1199,1199,3603,8809647771401,
1200,1200,3640,8809647770299,
1201,1201,3641,8809647770305,
1202,1202,3643,8809647770312,
1203,1203,3645,8809647770787,
1204,1204,3647,8809647770817,
1205,1205,22155,8809647771661,
1206,1206,22160,8809647771692,
1207,1207,3652,8809647770978,
1208,1208,447,8809647773566,
1209,1209,3654,8809647770985,
1210,1210,3662,8809647771814,
1211,1211,3715,8809647771135,
1212,1212,3667,8809647771616,
1213,1213,3672,8809647771739,
1214,1214,22103,8809647770930,
1215,1215,22108,8809647770947,
1216,1216,14866,8809647770954,
1217,1217,22173,8809647773740,
1218,1218,22191,8809647773757,
1219,1219,22206,8809647773764,
1220,1220,22215,8809647773771,
1221,1221,22217,8809647773788,
1222,1222,14610,8809647772477,
1223,1223,14620,8809647772484,
1224,1224,14622,8809647772491,
1225,1225,14623,8809647772507,
1226,1226,14627,8809647772514,
1227,1227,14637,8809647772521,
1228,1228,14644,8803463007317,
1229,1229,14655,8803463007294,
1230,1230,14656,8803463007249,
1231,1231,14658,8803463007256,
1232,1232,14663,8803463007300,
1233,1233,8190,8803463020187,
1234,1234,14664,8803463003692,
1235,1235,23043,8803463012816,
1236,1236,14667,8803463004286,
1237,1237,23140,8803463007393,
1238,1238,8188,8803463017934,
1239,1239,23138,8803463007515,
1240,1240,7847,8803463012199,
1241,1241,22872,8803463009762,
1242,1242,22891,8803463010744,
1243,1243,23226,8803463007362,
1244,1244,14686,8803463009175,
1245,1245,14687,8809695678363,
1246,1246,14688,8809695678431,
1247,1247,14691,8809559626196,
1248,1248,14693,8809695679544,
1249,1249,23141,8803463006518,
1250,1250,23045,8803463008567,
1251,1251,23151,8803463006501,
1252,1252,23049,8803463009373,
1253,1253,23047,8803463008598,
1254,1254,23048,8803463009366,
1255,1255,14697,8803463006396,
1256,1256,8187,8803463017880,
1257,1257,8552,8803463019174,
1258,1258,14698,8803463006402,
1259,1259,17070,,
1260,1260,1451,,
1261,1261,17068,,
1262,1262,17008,,
1263,1263,4146,,
1264,1264,20047,,
1265,1265,20043,,
1266,1266,20016,,
1267,1267,20048,,
1268,1268,20042,,
1269,1269,1474,8800316297437,
1270,1270,1242,8800276319439,
1271,1271,1378,8800276319507,
1272,1272,1312,8800276319446,
1273,1273,1322,8800276319460,
1274,1274,1395,8800276319538,
1275,1275,1793,8809639176870,
1276,1276,1842,8809639176894,
1277,1277,1949,8809639176931,
1278,1278,1495,8809864769021,
1279,1279,1518,8800316291787,
1280,1280,1517,8809864769038,
1281,1281,1762,8800276314083,
1282,1282,1763,8800276314090,
1283,1283,1667,8809435502927,
1284,1284,1668,8809435502934,
1285,1285,1581,8800276315738,
1286,1286,1627,8800276315745,
1287,1287,1709,8800276315622,
1288,1288,1710,8800276315639,
1289,1289,1768,8809526848118,
1290,1290,1769,8809526848149,
1291,1291,1792,8809526848477,
1292,1292,1766,8809506708579,
1293,1293,1767,8809506709460,
1294,1294,2044,8800316291602,
1295,1295,1984,8800316291596,
1296,1296,2041,8800316291619,
1297,1297,2050,8809689210951,
1298,1298,1711,8809971488808,
1299,1299,1761,8809971488822,
